season,id,name,position,team,fbs_conference,power_conf,transferred,transfer_in,prev_season,prev_team,prev_conference,prev_power_conf,transfer_direction,seasons_in_data,teams_in_career,receiving_REC_post,receiving_YDS_post,receiving_YPR_post,receiving_TD_post,adjPPA_post,pre_team,receiving_REC_pre,receiving_YDS_pre,receiving_YPR_pre,receiving_TD_pre,adjPPA_pre,_merge,receiving_REC_change,receiving_YDS_change,receiving_YPR_change,receiving_TD_change,adjPPA_change
2025,4832029,Alex Bauman,TE,Miami,ACC,Y,Y,Y,2024.0,Tulane,American Athletic,N,NP->P,4,2,18.0,166.0,9.2,1.0,0.3917218013189099,Tulane,20.0,212.0,10.6,7.0,0.8848226781394495,both,-2.0,-46.0,-1.4000000000000004,-6.0,-0.4931008768205396
2024,4710718,Andreas Paaske,TE,Arkansas,SEC,Y,Y,Y,2023.0,Eastern Michigan,Mid-American,N,NP->P,4,2,3.0,19.0,6.3,2.0,0.7637271971376145,Eastern Michigan,4.0,39.0,9.8,0.0,0.6133181116277848,both,-1.0,-20.0,-3.500000000000001,2.0,0.15040908550982968
2023,4427751,Asher Alberding,TE,California,Pac-12,Y,Y,Y,2022.0,North Texas,Conference USA,N,NP->P,2,2,1.0,5.0,5.0,0.0,0.6616313699558639,North Texas,,,,,0.6461989375234315,both,,,,,0.01543243243243242
2025,5082284,Boden Groen,TE,Kansas,Big 12,Y,Y,Y,2024.0,Rice,American Athletic,N,NP->P,4,2,36.0,450.0,12.5,5.0,0.6782935022694816,Rice,12.0,94.0,7.8,0.0,0.6622969041859326,both,24.0,356.0,4.7,5.0,0.01599659808354903
2024,4683210,Brady Hunt,TE,South Carolina,SEC,Y,Y,Y,2022.0,Ball State,Mid-American,N,NP->P,3,2,2.0,22.0,11.0,0.0,0.7293515970622885,Ball State,46.0,498.0,10.8,5.0,0.6501484520929662,both,-44.0,-476.0,0.1999999999999993,-5.0,0.07920314496932224
2025,5152167,Brendan Doyle,TE,Stanford,ACC,Y,Y,Y,2024.0,Memphis,American Athletic,N,NP->P,3,2,1.0,3.0,3.0,0.0,0.5959579663683837,Memphis,13.0,105.0,8.1,3.0,0.6512272137673394,both,-12.0,-102.0,-5.1,-3.0,-0.05526924739895567
2025,4709651,Brody Dalton,TE,Alabama,SEC,Y,Y,Y,2024.0,Troy,Sun Belt,N,NP->P,4,3,3.0,22.0,7.3,0.0,0.643188735599153,Troy,15.0,188.0,12.5,3.0,0.8631443272228816,both,-12.0,-166.0,-5.2,-3.0,-0.21995559162372857
2023,4687509,Caden Prieskorn,TE,Ole Miss,SEC,Y,Y,Y,2022.0,Memphis,American Athletic,N,NP->P,4,2,30.0,449.0,15.0,4.0,1.0317622955481,Memphis,48.0,602.0,12.5,7.0,0.9321484520929663,both,-18.0,-153.0,2.5,-3.0,0.0996138434551338
2025,4890881,Cameron Ball,TE,Mississippi State,SEC,Y,Y,Y,2023.0,Buffalo,Mid-American,N,NP->P,2,2,2.0,12.0,6.0,0.0,0.6693515970622886,Buffalo,8.0,82.0,10.3,0.0,0.5616969041859325,both,-6.0,-70.0,-4.300000000000001,0.0,0.1076546928763561
2024,4684068,Cameron Harpole,TE,Arizona State,Big 12,Y,Y,Y,2023.0,San Diego State,Mountain West,N,NP->P,3,2,1.0,17.0,17.0,0.0,,San Diego State,7.0,69.0,9.9,0.0,0.6980309247356128,both,-6.0,-52.0,7.1,0.0,
2025,5083135,Carson Kent,TE,Oklahoma,SEC,Y,Y,Y,2024.0,Kennesaw State,Conference USA,N,NP->P,3,2,3.0,26.0,8.7,0.0,0.6597466830563563,Kennesaw State,18.0,217.0,12.1,3.0,0.8862474201549438,both,-15.0,-191.0,-3.4000000000000004,-3.0,-0.22650073709858753
2025,5076651,Christian Abney,TE,Illinois,Big Ten,Y,Y,Y,2024.0,Ball State,Mid-American,N,NP->P,3,2,1.0,12.0,12.0,0.0,0.6840367753612693,Ball State,5.0,50.0,10.0,1.0,0.6851752544849278,both,-4.0,-38.0,2.0,-1.0,-0.001138479123658498
2025,5155194,Christian Earls,TE,Purdue,Big Ten,Y,Y,Y,2023.0,UNLV,Mountain West,N,NP->P,2,2,1.0,7.0,7.0,0.0,0.5708624558138284,UNLV,2.0,25.0,12.5,0.0,0.6728475861720802,both,-1.0,-18.0,-5.5,0.0,-0.10198513035825174
2025,4431281,Christian Moore,TE,Purdue,Big Ten,Y,Y,Y,2024.0,UNLV,Mountain West,N,NP->P,4,3,2.0,8.0,4.0,0.0,0.4683014802040724,UNLV,2.0,28.0,14.0,0.0,0.6289579663683836,both,0.0,-20.0,-10.0,0.0,-0.16065648616431122
2025,4710068,Colin Weber,TE,Rutgers,Big Ten,Y,Y,Y,2024.0,Charlotte,American Athletic,N,NP->P,4,2,17.0,102.0,6.0,0.0,0.4272226781394494,Charlotte,21.0,213.0,10.1,0.0,0.7403338593916724,both,-4.0,-111.0,-4.1,0.0,-0.313111181252223
2025,5092410,Dorian Fleming,TE,Maryland,Big Ten,Y,Y,Y,2024.0,Georgia State,Sun Belt,N,NP->P,2,2,40.0,351.0,8.8,3.0,0.21551308354199,Georgia State,49.0,558.0,11.4,6.0,0.7903626161779019,both,-9.0,-207.0,-2.5999999999999996,-3.0,-0.574849532635912
2024,4431574,Eli Stowers,TE,Vanderbilt,SEC,Y,Y,Y,2023.0,New Mexico State,Conference USA,N,NP->P,3,2,49.0,638.0,13.0,5.0,0.9634400073230529,New Mexico State,35.0,366.0,10.5,2.0,0.6185941880760634,both,14.0,272.0,2.5,3.0,0.34484581924698954
2025,5151498,Grayson Barnes,TE,West Virginia,Big 12,Y,Y,Y,2024.0,Northern Illinois,Mid-American,N,NP->P,3,2,21.0,232.0,11.0,2.0,0.5827087607557339,Northern Illinois,31.0,338.0,10.9,4.0,0.7103336932679865,both,-10.0,-106.0,0.09999999999999964,-2.0,-0.1276249325122526
2025,4917296,Jacob Barrick,TE,West Virginia,Big 12,Y,Y,Y,2024.0,Jacksonville State,Conference USA,N,NP->P,4,2,9.0,69.0,7.7,0.0,0.5522783476743117,Jacksonville State,6.0,70.0,11.7,0.0,0.7830323973420706,both,3.0,-1.0,-3.999999999999999,0.0,-0.23075404966775892
2025,5220614,Jacob Stewart,TE,Louisville,ACC,Y,Y,Y,2024.0,San José State,Mountain West,N,NP->P,2,2,4.0,70.0,17.5,1.0,0.7966340172091742,San José State,34.0,287.0,8.4,3.0,0.6271622955480994,both,-30.0,-217.0,9.1,-2.0,0.16947172166107471
2022,4244877,Jaeger Bull,TE,Wake Forest,ACC,Y,Y,Y,2021.0,Rice,Conference USA,N,NP->P,2,2,6.0,49.0,8.2,0.0,0.6223945610992492,Rice,8.0,44.0,5.5,2.0,0.8329356265455358,both,-2.0,5.0,2.6999999999999993,-2.0,-0.2105410654462866
2023,4432531,Jake Roberts,TE,Baylor,Big 12,Y,Y,Y,2022.0,North Texas,Conference USA,N,NP->P,4,3,23.0,231.0,10.0,1.0,0.6948283981994671,North Texas,28.0,394.0,14.1,3.0,0.896267087513338,both,-5.0,-163.0,-4.1,-2.0,-0.20143868931387088
2023,4361329,Joey Gatewood,TE,Louisville,ACC,Y,Y,Y,2021.0,UCF,American Athletic,N,NP->P,2,2,9.0,150.0,16.7,3.0,0.9827252323558036,UCF,,,,,0.3486855651162079,both,,,,,0.6340396672395956
2023,4430482,Joshua Simon,TE,South Carolina,SEC,Y,Y,Y,2022.0,Western Kentucky,Conference USA,N,NP->P,4,2,28.0,256.0,9.1,2.0,0.5618360660333376,Western Kentucky,20.0,273.0,13.7,7.0,0.7540226781394495,both,8.0,-17.0,-4.6,-5.0,-0.19218661210611188
2023,4361714,Josiah Johnson,TE,Oklahoma State,Big 12,Y,Y,Y,2022.0,Massachusetts,FBS Independents,N,NP->P,3,2,22.0,166.0,7.5,1.0,0.3947901644364148,Massachusetts,23.0,162.0,7.0,0.0,0.4081115255813177,both,-1.0,4.0,0.5,1.0,-0.013321361144902899
2025,4910711,Justin Holmes,TE,Pittsburgh,ACC,Y,Y,Y,2024.0,Marshall,Sun Belt,N,NP->P,4,3,28.0,301.0,10.8,4.0,0.5089137751735969,Marshall,1.0,11.0,11.0,0.0,0.6568475861720802,both,27.0,290.0,-0.1999999999999993,4.0,-0.14793381099848324
2024,4912052,Justin Joly,TE,NC State,ACC,Y,Y,Y,2023.0,UConn,FBS Independents,N,NP->P,4,2,43.0,661.0,15.4,4.0,1.00494272454774,UConn,56.0,562.0,10.0,2.0,0.7827195861933364,both,-13.0,99.0,5.4,2.0,0.22222313835440366
2024,4688552,Keleki Latu,TE,Washington,Big Ten,Y,Y,Y,2023.0,Nevada,Mountain West,N,NP->P,4,3,40.0,371.0,9.3,1.0,0.7929652722153548,Nevada,14.0,179.0,12.8,0.0,0.6125379732319789,both,26.0,192.0,-3.5,1.0,0.18042729898337595
2025,4683306,Landon Morris,TE,California,ACC,Y,Y,Y,2024.0,Temple,American Athletic,N,NP->P,2,2,7.0,94.0,13.4,2.0,0.5756604222115707,Temple,16.0,251.0,15.7,1.0,0.8634429216066721,both,-9.0,-157.0,-2.299999999999999,1.0,-0.2877824993951015
2025,5125734,Luke Mcgary,TE,Houston,Big 12,Y,Y,Y,2024.0,Tulsa,American Athletic,N,NP->P,3,2,3.0,13.0,4.3,0.0,0.4762969041859326,Tulsa,17.0,231.0,13.6,1.0,0.7932474201549438,both,-14.0,-218.0,-9.3,-1.0,-0.31695051596901114
2024,4431346,Mark Redman,TE,Louisville,ACC,Y,Y,Y,2023.0,San Diego State,Mountain West,N,NP->P,4,3,23.0,251.0,10.9,3.0,0.8386944375142126,San Diego State,38.0,408.0,10.7,3.0,0.6584581425115595,both,-15.0,-157.0,0.20000000000000107,0.0,0.18023629500265304
2025,5077874,Max Drag,TE,UCF,Big 12,Y,Y,Y,2024.0,App State,Sun Belt,N,NP->P,2,2,3.0,19.0,6.3,0.0,0.5480323973420707,App State,1.0,11.0,11.0,1.0,0.7378205591450532,both,2.0,8.0,-4.7,-1.0,-0.18978816180298252
2025,4827049,Max Reese,TE,Mississippi State,SEC,Y,Y,Y,2024.0,Eastern Michigan,Mid-American,N,NP->P,3,2,2.0,1.0,0.5,0.0,0.6431937023254465,Eastern Michigan,27.0,232.0,8.6,2.0,0.6273122691672092,both,-25.0,-231.0,-8.1,-2.0,0.015881433158237312
2025,4714413,Otto Tia,TE,Utah,Big 12,Y,Y,Y,2024.0,Utah State,Mountain West,N,NP->P,4,2,2.0,38.0,19.0,0.0,0.7077726496938674,Utah State,44.0,434.0,9.9,7.0,0.726117008604587,both,-42.0,-396.0,9.1,-7.0,-0.018344358910719616
2023,4605858,Rivaldo Fairweather,TE,Auburn,SEC,Y,Y,Y,2022.0,Florida International,Conference USA,N,NP->P,4,2,38.0,394.0,10.4,6.0,0.7713336795995818,Florida International,28.0,426.0,15.2,3.0,0.8844829953487606,both,10.0,-32.0,-4.799999999999999,3.0,-0.11314931574917886
2024,4608520,Sam Olson,TE,Arizona,Big 12,Y,Y,Y,2023.0,San José State,Mountain West,N,NP->P,5,2,13.0,196.0,15.1,2.0,0.8307913860464111,San José State,22.0,310.0,14.1,3.0,0.8906406458470947,both,-9.0,-114.0,1.0,-1.0,-0.05984925980068356
2024,4714379,Seydou Traore,TE,Mississippi State,SEC,Y,Y,Y,2022.0,Arkansas State,Sun Belt,N,NP->P,4,2,34.0,361.0,10.6,1.0,0.617881653265301,Arkansas State,50.0,655.0,13.1,4.0,0.8307484520929664,both,-16.0,-294.0,-2.5,-3.0,-0.21286679882766546
2024,4569653,Shane Calhoun,TE,Texas A&M,SEC,Y,Y,Y,2023.0,East Carolina,American Athletic,N,NP->P,4,2,3.0,57.0,19.0,0.0,0.6481887355991529,East Carolina,15.0,119.0,7.9,2.0,0.540006113362152,both,-12.0,-62.0,11.1,-2.0,0.10818262223700092
2023,4683308,Tanner Arkin,TE,Illinois,Big Ten,Y,Y,Y,2022.0,Colorado State,Mountain West,N,NP->P,5,2,1.0,1.0,1.0,1.0,0.7104151537396477,Colorado State,14.0,116.0,8.3,0.0,0.623946136497285,both,-13.0,-115.0,-7.300000000000001,1.0,0.08646901724236267
2025,4917427,Tanner Koziol,TE,Houston,Big 12,Y,Y,Y,2024.0,Ball State,Mid-American,N,NP->P,4,2,74.0,727.0,9.8,6.0,0.6648477572741626,Ball State,94.0,839.0,8.9,8.0,0.7006887641486639,both,-20.0,-112.0,0.9000000000000004,-2.0,-0.03584100687450131
2025,4867887,Terrance Carter,TE,Texas Tech,Big 12,Y,Y,Y,2024.0,Louisiana,Sun Belt,N,NP->P,3,2,55.0,624.0,11.3,5.0,0.5777960422375403,Louisiana,48.0,689.0,14.4,4.0,1.074679044438156,both,7.0,-65.0,-3.0999999999999996,1.0,-0.49688300220061565
2025,4708878,Trace Bruckler,TE,Ole Miss,SEC,Y,Y,Y,2024.0,New Mexico,Mountain West,N,NP->P,4,2,5.0,64.0,12.8,1.0,0.7176828067062085,New Mexico,22.0,138.0,6.3,2.0,0.6440765033046836,both,-17.0,-74.0,6.500000000000001,-1.0,0.07360630340152496
2024,4685784,Tre Watson,TE,Texas A&M,SEC,Y,Y,Y,2023.0,Fresno State,Mountain West,N,NP->P,4,2,21.0,280.0,13.3,1.0,0.7785823845485926,Fresno State,38.0,366.0,9.6,4.0,0.6755968511627233,both,-17.0,-86.0,3.700000000000001,-3.0,0.10298553338586935
2024,4570286,Tyler Foster,TE,Oklahoma State,Big 12,Y,Y,Y,2023.0,Ohio,Mid-American,N,NP->P,3,2,3.0,19.0,6.3,0.0,0.6551118125222299,Ohio,20.0,229.0,11.5,0.0,0.6325468965306059,both,-17.0,-210.0,-5.2,0.0,0.022564915991624024
2022,4428580,Tyler Stephens,TE,Missouri,SEC,Y,Y,Y,2021.0,Buffalo,Mid-American,N,NP->P,4,2,5.0,54.0,10.8,1.0,0.6156185533748041,Buffalo,15.0,157.0,10.5,1.0,0.7090283476743119,both,-10.0,-103.0,0.3000000000000007,0.0,-0.0934097942995078
2023,4373687,Tyneil Hopper,TE,Michigan State,Big Ten,Y,Y,Y,2022.0,Boise State,Mountain West,N,NP->P,3,2,2.0,24.0,12.0,1.0,0.7517726496938676,Boise State,13.0,108.0,8.3,0.0,0.6363268231567439,both,-11.0,-84.0,3.6999999999999993,1.0,0.11544582653712365
2023,4583089,Var'Keyes Gumms,TE,Arkansas,SEC,Y,Y,Y,2022.0,North Texas,Conference USA,N,NP->P,4,3,3.0,26.0,8.7,0.0,0.6456502740606914,North Texas,34.0,458.0,13.5,5.0,0.7459913606536077,both,-31.0,-432.0,-4.800000000000001,-5.0,-0.1003410865929163
2024,4880236,Will Kacmarek,TE,Ohio State,Big Ten,Y,Y,Y,2023.0,Ohio,Mid-American,N,NP->P,4,2,8.0,86.0,10.8,0.0,0.6871752544849278,Ohio,22.0,243.0,11.0,2.0,0.6856824721287225,both,-14.0,-157.0,-0.1999999999999993,-2.0,0.0014927823562053133
2025,5114312,Will Monney,TE,Oklahoma State,Big 12,Y,Y,Y,2024.0,Utah State,Mountain West,N,NP->P,3,2,3.0,39.0,13.0,0.0,0.6504966021552918,Utah State,11.0,138.0,12.5,1.0,0.7390295801818906,both,-8.0,-99.0,0.5,-1.0,-0.08853297802659876
2024,4877824,Zach Horton,TE,Indiana,Big Ten,Y,Y,Y,2023.0,James Madison,Sun Belt,N,NP->P,3,2,21.0,189.0,9.0,4.0,0.7295501875152098,James Madison,27.0,275.0,10.2,6.0,0.7712712607557338,both,-6.0,-86.0,-1.1999999999999993,-2.0,-0.04172107324052399
2025,5077304,Zeke Moore,TE,Boston College,ACC,Y,Y,Y,2024.0,Florida Atlantic,American Athletic,N,NP->P,3,2,2.0,7.0,3.5,0.0,0.5483014802040723,Florida Atlantic,4.0,13.0,3.3,0.0,0.5515941631309016,both,-2.0,-6.0,0.20000000000000018,0.0,-0.0032926829268292712
