number,name,season_previous,team_previous,season_transfer,team_transfer,adjPPA_previous,adjPPA_transfer
1,Anthony Colandrea,2024,Virginia,2025,UNLV,0.1597532551134612,0.3660195359889029
2,Michael Penix Jr.,2021,Indiana,2022,Washington,0.1933426550471105,0.392884089906743
3,Jordan McCloud,2021,Arizona,2023,James Madison,0.2566928843950588,0.4310755153595197
4,Cameron Ward,2023,Washington State,2024,Miami,0.2847220186933001,0.445766826449178
5,Katin Houser,2023,Michigan State,2024,East Carolina,0.2060589410099037,0.3609202724971858
6,John Paddock,2022,Ball State,2023,Illinois,0.2024665214774086,0.3502124979689266
7,E.J. Warner,2024,Rice,2025,Fresno State,0.1889143195392315,0.3344553313157189
8,Haynes King,2022,Texas A&M,2023,Georgia Tech,0.2485625240227037,0.3906921736463568
9,JT Daniels,2022,West Virginia,2023,Rice,0.2713271357274376,0.410233198130145
10,Fernando Mendoza,2024,California,2025,Indiana,0.3255387522994586,0.4593011137175828
11,D.J. Uiagalelei,2022,Clemson,2023,Oregon State,0.2516771518650531,0.3825590510801407
12,Carter Bradley,2021,Toledo,2022,South Alabama,0.22083290233091,0.3351445054618569
13,Will Howard,2023,Kansas State,2024,Ohio State,0.3312806016326401,0.4412402837354573
14,Ethan Crawford,2024,Southern Miss,2025,Arkansas State,0.1817744300640729,0.2868670005551885
15,Timmy McClain,2021,South Florida,2023,UCF,0.2434572243446851,0.3396573401723575
16,Spencer Petras,2022,Iowa,2024,Utah State,0.191902510957185,0.2855563988848991
17,Max Brown,2024,Charlotte,2025,West Virginia,0.1947073656196758,0.285002964571983
18,Dexter Williams II,2022,Indiana,2024,Georgia Southern,0.2237903270802616,0.313121621064345
19,Jeff Sims,2022,Georgia Tech,2023,Nebraska,0.1818544561599472,0.2711188186108275
20,TJ Finley,2022,Auburn,2023,Texas State,0.2825187660267398,0.3705031030053555
21,Tyler Shough,2023,Texas Tech,2024,Louisville,0.2643972332964972,0.3503614180850307
22,Connor Bazelak,2022,Indiana,2023,Bowling Green,0.1896206849877871,0.2748691136615314
23,Bryson Barnes,2023,Utah,2024,Utah State,0.2397054832500192,0.31994632015141
24,Ashton Daniels,2024,Stanford,2025,Auburn,0.1915746546651549,0.2705174646227931
25,Luke Kromenhoek,2024,Florida State,2025,Mississippi State,0.2061131018140369,0.2847424449687892
26,Brennan Armstrong,2022,Virginia,2023,NC State,0.1975430984841204,0.275056202304623
27,Mitch Griffis,2023,Wake Forest,2025,Texas Tech,0.2466605317325372,0.324049143326122
28,Kurtis Rourke,2023,Ohio,2024,Indiana,0.337608969937817,0.4133189058978164
29,Treyson Bourguet,2023,Western Michigan,2025,BYU,0.2201827330470577,0.2908825698942018
30,Todd Centeio,2021,Colorado State,2022,James Madison,0.3312839791460675,0.4017903502359552
31,Anthony Garcia,2024,Arizona,2025,Utah State,0.2841684711434239,0.3520086102164979
32,Joey Aguilar,2024,App State,2025,Tennessee,0.298515495506327,0.3653805205298256
33,Bishop Davenport,2022,Utah State,2024,South Alabama,0.228774058239917,0.2951141253932586
34,Jake Retzlaff,2024,BYU,2025,Tulane,0.2837959010344508,0.3467144244330951
35,Alex Padilla,2022,Iowa,2023,SMU,0.2323390160467642,0.2918770652914075
36,Will Rogers,2023,Mississippi State,2024,Washington,0.2637195942688182,0.3231705597169368
37,Jayden de Laura,2021,Washington State,2022,Arizona,0.3346946920613385,0.3930777206330797
38,Ken Seals,2023,Vanderbilt,2024,TCU,0.2446170980270505,0.3006846998287108
39,Ben Bryant,2021,Eastern Michigan,2022,Cincinnati,0.26817818001523,0.3216552197423952
40,Braylon Braxton,2023,Tulsa,2024,Marshall,0.2308755609887642,0.2827459501686332
41,Sam Leavitt,2023,Michigan State,2024,Arizona State,0.2951974394422815,0.3441685134602668
42,Emory Jones,2022,Arizona State,2023,Cincinnati,0.2346026921569211,0.2831518139054949
43,Brendan Sullivan,2023,Northwestern,2024,Iowa,0.2430358012466319,0.2901929813379054
44,J.J. Kohl,2023,Iowa State,2025,App State,0.2627841116354559,0.309911765919944
45,Spencer Sanders,2022,Oklahoma State,2023,Ole Miss,0.2582517750013557,0.3050349166161654
46,Brady McBride,2021,Texas State,2022,App State,0.2465293103676155,0.2931666332764047
47,Jacob Conover,2023,Arizona State,2024,Utah State,0.2241676957174962,0.2707763458669471
48,JT Shrout,2022,Colorado,2023,Arkansas State,0.2120994381894324,0.2580025358492655
49,RJ Martinez,2023,Baylor,2024,Texas State,0.2469490743322527,0.2925994138367043
50,Zach Gibson,2022,Georgia Tech,2024,Georgia State,0.2271492998756632,0.2725287778639553
51,Robby Ashford,2023,Auburn,2024,South Carolina,0.2593134422994514,0.3045140236948003
52,Walker Howard,2022,LSU,2023,Ole Miss,0.2599568232305365,0.3045120878218592
53,Cameran Brown,2024,Texas Tech,2025,Georgia State,0.2763652409442902,0.320884499330156
54,Billy Edwards,2024,Maryland,2025,Wisconsin,0.2371224858368293,0.2815499099338372
55,Ta'Quan Roberson,2021,Penn State,2022,UConn,0.2533145471093611,0.2976660295326496
56,Dequan Finn,2024,Baylor,2025,Miami (OH),0.2485982759012314,0.291209017104694
57,Devon Dampier,2024,New Mexico,2025,Utah,0.3258900956787242,0.3683083763589554
58,Christian Veilleux,2023,Pittsburgh,2024,Georgia State,0.2107771698114646,0.2526964636303429
59,Hauss Hejny,2024,TCU,2025,Oklahoma State,0.2743560285000395,0.3162258681219906
60,Payton Thorne,2022,Michigan State,2023,Auburn,0.2412367054316097,0.2822942963006213
61,Blaze Berlowitz,2023,New Mexico State,2025,Vanderbilt,0.2735864305495266,0.3142903817759575
62,Sam Hartman,2022,Wake Forest,2023,Notre Dame,0.3511836324857283,0.3918276366087846
63,Jack Tuttle,2022,Indiana,2023,Michigan,0.2705830175802433,0.3101746534399014
64,Cole Snyder,2021,Rutgers,2022,Buffalo,0.2510376565318831,0.2894558831795363
65,Gavin Wimsatt,2024,Kentucky,2025,Jacksonville State,0.2268877769581321,0.2649306302322099
66,Gevani McCoy,2024,Oregon State,2025,Temple,0.2467955087920819,0.2846671698115377
67,Holman Edwards,2023,Southern Miss,2024,Houston,0.247039811956267,0.2844147946728356
68,John Rhys Plumlee,2021,Ole Miss,2022,UCF,0.2785855104338122,0.3151789514506078
69,Owen McCown,2022,Colorado,2023,UTSA,0.2855008552797132,0.3219732482536772
70,Thomas Castellanos,2022,UCF,2023,Boston College,0.290035960634589,0.3261715319987421
71,Carson Beck,2024,Georgia,2025,Miami,0.3167264561541597,0.3516460301887641
72,MJ Morris,2024,Maryland,2025,Coastal Carolina,0.2174161781972536,0.2506808972006233
73,Brendan Sorsby,2023,Indiana,2024,Cincinnati,0.2642578825996917,0.2972141492170082
74,Dante Moore,2023,UCLA,2024,Oregon,0.2542573541365602,0.2871243719678975
75,Harrison Bailey,2022,UNLV,2023,Louisville,0.2667808746722228,0.2991334208369974
76,Grant Gunnell,2022,North Texas,2023,Sam Houston,0.22933625585465,0.2615906221317949
77,Grayson James,2023,Florida International,2024,Boston College,0.2515866181988113,0.2826642015744472
78,Maddox Kopp,2022,Colorado,2023,Miami (OH),0.2677047157318255,0.2975707844359388
79,Donovan Smith,2022,Texas Tech,2023,Houston,0.2617230093146678,0.2914331078859119
80,Jacolby Criswell,2023,Arkansas,2024,North Carolina,0.2633025754719103,0.2929117210182265
81,Ryan Glover,2021,California,2022,Memphis,0.2417272922983977,0.2701602243042353
82,Graham Mertz,2022,Wisconsin,2023,Florida,0.3046267962391493,0.3326610075861728
83,Michael Merdinger,2024,North Carolina,2025,Liberty,0.257176472746567,0.2847253739488292
84,Daniel Richardson,2022,Central Michigan,2023,Florida Atlantic,0.2367974705473697,0.2642264668042599
85,Layne Hatcher,2022,Texas State,2023,Ball State,0.2146605731770423,0.2409736376969204
86,Chandler Rogers,2022,UL Monroe,2023,North Texas,0.2684023816167535,0.2940584491722082
87,Jackson Arnold,2024,Oklahoma,2025,Auburn,0.1954738173033709,0.2209629166404871
88,Jaylen Henderson,2022,Fresno State,2023,Texas A&M,0.2834022862674406,0.3087323390238394
89,Deshawn Purdie,2024,Charlotte,2025,Wake Forest,0.2285827876863396,0.253581486751397
90,Jack Plummer,2022,California,2023,Louisville,0.2674646147799626,0.2920064407890671
91,Thomas Castellanos,2024,Boston College,2025,Florida State,0.2987900464442524,0.3227525764844792
92,Gunnar Holmberg,2021,Duke,2022,Florida International,0.2761569562122819,0.3000915500034515
93,Riley Leonard,2023,Duke,2024,Notre Dame,0.3054227209534642,0.3284112827092747
94,Hunter Johnson,2021,Northwestern,2022,Clemson,0.255708654157926,0.2772809536137592
95,Conner Harrell,2024,North Carolina,2025,Charlotte,0.2754486896954194,0.2955955155328568
96,Alex Orji,2024,Michigan,2025,UNLV,0.2571339358898153,0.2770308536748646
97,Ethan Vasko,2022,Kansas,2023,Coastal Carolina,0.2692907343561557,0.2890825653610118
98,Luke Altmyer,2022,Ole Miss,2023,Illinois,0.2733531433707867,0.2927332650899058
99,CJ Tiller,2023,Boise State,2025,Utah State,0.2748638106813942,0.2936758240846004
100,Jack Shields,2023,Old Dominion,2024,Buffalo,0.2626661433065812,0.281079360549132
101,Jack Miller III,2021,Ohio State,2022,Florida,0.2651338763827976,0.2835157651993833
102,Athan Kaliakmanis,2023,Minnesota,2024,Rutgers,0.2398914397309097,0.2581597655346817
103,Keldric Luster,2024,SMU,2025,Texas State,0.2713221900035484,0.2892376323141202
104,McCae Hillstead,2023,Utah State,2025,BYU,0.270130430002497,0.2874406553416772
105,Justyn Martin,2024,UCLA,2025,Maryland,0.2677598215687262,0.2849809711434239
106,Conner Weigman,2024,Texas A&M,2025,Houston,0.2760020003665323,0.2928030188680091
107,Taylor Powell,2021,Troy,2022,Eastern Michigan,0.294507179591817,0.3105377580467323
108,Danny O'Neil,2024,San Diego State,2025,Wisconsin,0.2035088512933302,0.218849087745173
109,Jacobe Robinson,2024,Boston College,2025,Southern Miss,0.2760993719678975,0.2913339060036774
110,Hayden Wolff,2022,Old Dominion,2023,Western Michigan,0.2341079782890566,0.249115128772833
111,Reese Poffenbarger,2024,Miami,2025,North Texas,0.2641561817108408,0.2791093055000401
112,Ta'Quan Roberson,2023,UConn,2024,Kansas State,0.2596500382136255,0.2742825238387501
113,Matthew Caldwell,2024,Troy,2025,Texas,0.3062122442717399,0.3203600862536117
114,Dillon Gabriel,2021,UCF,2022,Oklahoma,0.2854618697261591,0.2994907547170828
115,Charlie Brewer,2021,Utah,2022,Liberty,0.2543486708128807,0.2680440692474615
116,Mike Wright,2024,Northwestern,2025,East Carolina,0.2349485103428082,0.2485741666146555
117,Grant Wilson,2024,Old Dominion,2025,Indiana,0.2783849707574428,0.2917026525678069
118,Jacob Zeno,2024,UAB,2025,Texas A&M,0.2722374372597361,0.2848218266340989
119,Carlos Del Rio-Wilson,2023,Syracuse,2025,Marshall,0.2695929500030009,0.2815523744897826
120,Micah Leon,2021,UConn,2023,Florida,0.2768748240519422,0.2884519129598953
121,Zion Turner,2024,Jacksonville State,2025,Marshall,0.2845744474396018,0.2946052873942356
122,Steven Angeli,2024,Notre Dame,2025,Syracuse,0.3163581719079723,0.3262145342783061
123,Brendon Lewis,2022,Colorado,2023,Nevada,0.2490320004918935,0.2587938664682869
124,Trey Lowe III,2022,Southern Miss,2023,Liberty,0.2611317888245464,0.270890667213809
125,Jay Butterfield,2022,Oregon,2023,San José State,0.2863339123198945,0.2959289582782088
126,Kyle Vantrease,2021,Buffalo,2022,Georgia Southern,0.3073696033738175,0.3166649709561924
127,Caleb Williams,2021,Oklahoma,2022,USC,0.4344747995049926,0.4437123158410499
128,Davis Beville,2023,Oklahoma,2024,South Carolina,0.2804921164891713,0.289504712281179
129,Noah Kim,2024,Coastal Carolina,2025,Eastern Michigan,0.2677310446932487,0.2765586703547268
130,Jayden Daniels,2021,Arizona State,2022,LSU,0.323412788624654,0.3314616039988201
131,Zion Turner,2023,UConn,2024,Jacksonville State,0.2767421164891714,0.2845744474396018
132,Maalik Murphy,2023,Texas,2024,Duke,0.2916448055942853,0.2991920002166589
133,Chevan Cordeiro,2021,Hawai'i,2022,San José State,0.2788141608739769,0.2855680723595506
134,Jacob Zeno,2021,Baylor,2022,UAB,0.2787080005432061,0.2848830991164843
135,AJ Swann,2023,Vanderbilt,2024,LSU,0.2750367508268274,0.2811957241854956
136,Cade Fortin,2021,South Florida,2022,Arkansas,0.2374872687530832,0.2419961573562461
137,Dylan Hopkins,2022,UAB,2023,New Mexico,0.338872773013279,0.3431031450879505
138,Matthew Sluka,2024,UNLV,2025,James Madison,0.2902832139073351,0.2944624202191707
139,Kyle Lowe,2023,Middle Tennessee,2024,Georgia State,0.2754211787309502,0.2794314430348826
140,PJ Hatter,2024,Texas State,2025,Georgia State,0.2874705904712637,0.291139059378718
141,Jarret Doege,2021,West Virginia,2022,Troy,0.2869021713248814,0.2904863677872049
142,Taylen Green,2023,Boise State,2024,Arkansas,0.3172450630092459,0.3205672801887641
143,Brendon Lewis,2024,Nevada,2025,Memphis,0.3015192788035145,0.304613414332085
144,Broc Lowry,2023,Indiana,2024,Western Michigan,0.2884625887904827,0.2907108192986956
145,Phil Jurkovec,2022,Boston College,2023,Pittsburgh,0.2550357836660854,0.2568802485704327
146,Holden Geriner,2024,Auburn,2025,Texas State,0.2874446136898222,0.2892292852226689
147,Hank Bachmeier,2023,Louisiana Tech,2024,Wake Forest,0.2495808959846347,0.2511864556591391
148,Jaxson Dart,2021,USC,2022,Ole Miss,0.2950794327073421,0.2965037455583704
149,Brady Allen,2022,Purdue,2023,Louisville,0.2880249968901513,0.2890324417316592
150,Jeff Sims,2023,Nebraska,2024,Arizona State,0.2711188186108275,0.2720151227304429
151,Trever Jackson,2024,Florida State,2025,Arkansas,0.2865949417316592,0.2866096476140121
152,Landy Lyddy,2022,Louisiana Tech,2023,UAB,0.2798895456014946,0.2798247402431894
153,Sawyer Robertson,2022,Mississippi State,2023,Baylor,0.2595082125477431,0.2589735169455244
154,Emmett Brown,2023,Washington State,2024,San José State,0.2944847596752237,0.2938356208518009
155,Mike Wright,2023,Mississippi State,2024,Northwestern,0.2359901512995549,0.2349485103428082
156,Devin Brown,2024,Ohio State,2025,California,0.281065860966815,0.279148840395058
157,Jackson Stratton,2022,Colorado State,2024,Iowa,0.2736203037942646,0.2714737953558055
158,Walker Howard,2024,Ole Miss,2025,Louisiana,0.2723546672198216,0.2691193190883637
159,Paul Tyson,2021,Alabama,2023,Clemson,0.2999471224773912,0.295959360549132
160,Blake Shapen,2023,Baylor,2024,Mississippi State,0.3066042878284498,0.3024959025697098
161,Ethan Hampton,2024,Northern Illinois,2025,Illinois,0.2922588679246531,0.2877120878218593
162,Tahj Bullock,2021,Virginia Tech,2023,Akron,0.2839531108576914,0.279293185584686
163,Jack Plummer,2021,Purdue,2022,California,0.2723452996543185,0.2674646147799626
164,Tommy Ulatowski,2024,Kent State,2025,Kennesaw State,0.2821257046761115,0.2769777045162863
165,Gavin Wimsatt,2023,Rutgers,2024,Kentucky,0.2333013530761512,0.2268877769581321
166,Taisun Phommachanh,2021,Clemson,2022,Georgia Tech,0.2883416084751206,0.2817097384517631
167,Deuce Hogan,2021,Iowa,2022,Kentucky,0.2863853829081298,0.2786576408309759
168,Casey Thompson,2021,Texas,2022,Nebraska,0.3782652140534677,0.3702172414013681
169,Cam Fancher,2024,Florida Atlantic,2025,UCF,0.244877955045237,0.2360289415802441
170,Robby Ashford,2024,South Carolina,2025,Wake Forest,0.3045140236948003,0.295649685008384
171,Sam Vidlak,2021,Oregon State,2022,Boise State,0.2864154166095302,0.2771901913463297
172,Devin Leary,2022,NC State,2023,Kentucky,0.3029092898378055,0.2935579464940467
173,Zach Gibson,2024,Georgia State,2025,Florida Atlantic,0.2725287778639553,0.2627632642669058
174,KJ Jefferson,2023,Arkansas,2024,UCF,0.2844360445304865,0.2744637971154995
175,TJ Finley,2024,Western Kentucky,2025,Georgia State,0.2404967155056181,0.2302096136195661
176,Mikey Keene,2022,UCF,2023,Fresno State,0.316089439103573,0.305380091383207
177,Tommy DeVito,2021,Syracuse,2022,Illinois,0.3181549095337575,0.3071784146411581
178,Kai Horton,2024,Tulane,2025,Washington,0.286749353496365,0.2755096717500387
179,Noah Kim,2023,Michigan State,2024,Coastal Carolina,0.2791777820735218,0.2677310446932487
180,Gerry Bohannon,2021,Baylor,2022,South Florida,0.3188665941143538,0.3064661593117391
181,Cammon Cooper,2021,Washington State,2022,Hawai'i,0.2829747329260961,0.2703473412124955
182,Hank Bachmeier,2022,Boise State,2023,Louisiana Tech,0.2624746523508599,0.2495808959846347
183,Julian Dugger,2024,Pittsburgh,2025,Washington State,0.2996178426020109,0.2862194138367043
184,Harrison Bailey,2021,Tennessee,2022,UNLV,0.2815667523085507,0.2667808746722228
185,Ben Finley,2023,California,2024,Akron,0.2393337544144687,0.224311884611288
186,Jason Brown,2021,South Carolina,2022,Virginia Tech,0.2948198545599253,0.2792669864472229
187,Braylon Braxton,2024,Marshall,2025,Southern Miss,0.2827459501686332,0.2650977803324653
188,Landy Lyddy,2024,UAB,2025,Southern Miss,0.2815609570688815,0.2639085580333676
189,Cade McNamara,2022,Michigan,2023,Iowa,0.265726080503371,0.2469777830190525
190,Kedon Slovis,2021,USC,2022,Pittsburgh,0.3058622408092977,0.2865869532735089
191,Drew Pyne,2024,Missouri,2025,Bowling Green,0.2005447237014008,0.1810216868675746
192,Alan Bowman,2022,Michigan,2023,Oklahoma State,0.308546130039609,0.2868596486000144
193,Jacolby Criswell,2022,North Carolina,2023,Arkansas,0.2856612959110723,0.2633025754719103
194,Hank Brown,2024,Auburn,2025,Iowa,0.2898443802247193,0.2666581896993625
195,Kaidon Salter,2024,Liberty,2025,Colorado,0.2974222600172321,0.2734275202626283
196,Ben Finley,2022,NC State,2023,California,0.2634442817864606,0.2393337544144687
197,Gaston Moore,2024,Tennessee,2025,South Florida,0.2842257572669301,0.2599156411706925
198,Chandler Morris,2024,North Texas,2025,Virginia,0.308904547192932,0.2842991165372696
199,Drew Pyne,2023,Arizona State,2024,Missouri,0.2255009793081912,0.2005447237014008
200,MJ Morris,2023,NC State,2024,Maryland,0.2440020199779689,0.2174161781972536
201,Tahj Bullock,2024,Akron,2025,Colorado State,0.276220179192769,0.2493159062323612
202,Lucas Scheerhorn,2024,Kennesaw State,2025,Rice,0.2707475333978515,0.2436816861237836
203,Ui Ale,2024,Houston,2025,Troy,0.2819959029651961,0.2545792505243448
204,AJ Mayer,2021,Miami (OH),2022,Arkansas State,0.2990043329002643,0.2709408332874231
205,Gerry Bohannon,2022,South Florida,2024,BYU,0.3064661593117391,0.2765348374149337
206,Deuce Hogan,2022,Kentucky,2024,New Mexico State,0.2786576408309759,0.2485938974261556
207,Turner Helton,2023,Western Kentucky,2025,Georgia Southern,0.2883513036620602,0.257447572411409
208,Will Crowder,2022,West Virginia,2023,Troy,0.3074633962266593,0.276206290175901
209,Zach Wilcke,2022,Southern Miss,2025,Charlotte,0.248109821519774,0.2165297701545797
210,Jacurri Brown,2023,Miami,2024,UCF,0.2838359250031802,0.2519404219820341
211,Spencer Rattler,2021,Oklahoma,2022,South Carolina,0.315416647616206,0.2819319836113572
212,Joey Labas,2022,Iowa,2024,Central Michigan,0.2570729904716096,0.2233960884383509
213,Dylan Morris,2023,Washington,2024,James Madison,0.3236871022842501,0.2898081770257768
214,Jake Garcia,2022,Miami,2024,East Carolina,0.2474833519975344,0.2123094057193582
215,Max Johnson,2023,Texas A&M,2024,North Carolina,0.2982000488886868,0.261421703212876
216,Nico Iamaleava,2024,Tennessee,2025,UCLA,0.2783029959816802,0.2414862363456775
217,Miller Moss,2024,USC,2025,Louisville,0.2747188154977272,0.237093367590087
218,Kedon Slovis,2022,Pittsburgh,2023,BYU,0.2865869532735089,0.2489336391281773
219,Jalen Kitna,2022,Florida,2024,UAB,0.2925553291993402,0.2546513594883535
220,Ben Gulbranson,2024,Oregon State,2025,Stanford,0.2783976314344934,0.2403891741866147
221,Tayven Jackson,2022,Tennessee,2023,Indiana,0.2975370041254885,0.2579947695937772
222,Cole Snyder,2023,Buffalo,2024,Eastern Michigan,0.2692228406368262,0.2287446732035431
223,Max Johnson,2021,LSU,2022,Texas A&M,0.3101337523789788,0.2694900920512434
224,Billy Wiles,2021,Clemson,2023,Southern Miss,0.2865428411268525,0.2442339271611483
225,Clay Millen,2021,Nevada,2022,Colorado State,0.2828132268285084,0.2398082721842778
226,Michael Alaimo,2022,Purdue,2023,Kent State,0.2668271086182814,0.2235886245077171
227,Bryce Archie,2022,Coastal Carolina,2023,South Florida,0.2884526048597529,0.2450061835627502
228,Ta'Quan Roberson,2024,Kansas State,2025,Buffalo,0.2742825238387501,0.2300659495084666
229,Grayson McCall,2023,Coastal Carolina,2024,NC State,0.3077094716284867,0.2633995115305869
230,Dexter Williams II,2024,Georgia Southern,2025,Kennesaw State,0.313121621064345,0.2668156877034742
231,Logan Smothers,2022,Nebraska,2023,Jacksonville State,0.2777768244219644,0.2312178477775663
232,Taisun Phommachanh,2022,Georgia Tech,2023,Massachusetts,0.2817097384517631,0.2344613535532921
233,Dylan Lonergan,2024,Alabama,2025,Boston College,0.2935892955072348,0.2462364977018932
234,Cam Fancher,2023,Marshall,2024,Florida Atlantic,0.2927332650899058,0.244877955045237
235,Ryan Burger,2023,App State,2024,Liberty,0.2999471224773912,0.2516486037738075
236,JT Daniels,2021,Georgia,2022,West Virginia,0.3199642930921715,0.2713271357274376
237,Timmy McClain,2023,UCF,2024,Arkansas State,0.3396573401723575,0.2909445940355203
238,Braedyn Locke,2024,Wisconsin,2025,Arizona,0.258749698888718,0.2097771671910114
239,Chubba Purdy,2023,Nebraska,2024,Nevada,0.312765880772112,0.2634753188135411
240,Stone Earle,2023,North Texas,2024,Marshall,0.2881088254719103,0.2377986700947143
241,Davis Beville,2021,Pittsburgh,2022,Oklahoma,0.247039811956267,0.1962738932208558
242,Diego Pavia,2023,New Mexico State,2024,Vanderbilt,0.3472404766141579,0.295879556342155
243,Brock Vandagriff,2023,Georgia,2024,Kentucky,0.299717088949018,0.2469285141510613
244,CJ Harris,2023,Ohio,2024,California,0.2935873459121555,0.2404869504719103
245,Santino Marucci,2023,Wake Forest,2024,New Mexico State,0.2767577991644675,0.2232363793447666
246,Layne Hatcher,2021,Arkansas State,2022,Texas State,0.2689310289952257,0.2146605731770423
247,Ben Bryant,2022,Cincinnati,2023,Northwestern,0.3216552197423952,0.2672003812092029
248,Chandler Rogers,2023,North Texas,2024,California,0.2940584491722082,0.239432987819656
249,Collin Schlee,2022,Kent State,2023,UCLA,0.3534502048696557,0.2973626372933276
250,Chandler Morris,2023,TCU,2024,North Texas,0.3650037456899616,0.308904547192932
251,Aidan Chiles,2023,Oregon State,2024,Michigan State,0.3485988327671158,0.2923708258584371
252,Tayven Jackson,2024,Indiana,2025,UCF,0.32268169517449,0.2652528681619674
253,Michael Van Buren Jr.,2024,Mississippi State,2025,LSU,0.2507664222144276,0.1926519206581518
254,Christian Veilleux,2022,Penn State,2023,Pittsburgh,0.2690064686206075,0.2107771698114646
255,Collin Schlee,2023,UCLA,2024,Virginia Tech,0.2973626372933276,0.2390459676257139
256,Tj McMahon,2022,Rice,2023,Marshall,0.3490821476333532,0.2901942064375415
257,Maalik Murphy,2024,Duke,2025,Oregon State,0.2991920002166589,0.2395153197066169
258,Jacob Conover,2022,BYU,2023,Arizona State,0.2856220664872208,0.2241676957174962
259,Ethan Vasko,2024,Coastal Carolina,2025,Liberty,0.3090803475209478,0.2465593937919537
260,Michael Johnson Jr.,2023,Florida Atlantic,2024,Syracuse,0.3439960005136438,0.2809490077374507
261,Brendan Sullivan,2024,Iowa,2025,Tulane,0.2901929813379054,0.2266651329849738
262,Jaylen Henderson,2023,Texas A&M,2025,West Virginia,0.3087323390238394,0.2446692583365135
263,Jordan McCloud,2023,James Madison,2024,Texas State,0.4310755153595197,0.3651216024523968
264,Caden Veltkamp,2024,Western Kentucky,2025,Florida Atlantic,0.319949188263309,0.2473768606985949
265,Evan Simon,2023,Rutgers,2024,Temple,0.2961161465365376,0.2234103019455852
266,Matthew Downing,2021,TCU,2022,Louisiana Tech,0.2859812469239539,0.2123137832886037
267,Preston Stone,2024,SMU,2025,Northwestern,0.303680072092571,0.2284594007939644
268,Parker Navarro,2021,UCF,2022,Ohio,0.3180458005393261,0.242608245411603
269,Michael Johnson Jr.,2024,Syracuse,2025,Akron,0.2809490077374507,0.2049435532640102
270,Rickie Collins,2024,LSU,2025,Syracuse,0.2831386576821832,0.2052421951312352
271,Max Brown,2023,Florida,2024,Charlotte,0.2741217058025432,0.1947073656196758
272,Hudson Card,2022,Texas,2023,Purdue,0.3320498094246515,0.2522311699172669
273,Beau Pribula,2024,Penn State,2025,Missouri,0.337618674857591,0.2573283161943307
274,Kyle McCord,2023,Ohio State,2024,Syracuse,0.4376379257003281,0.3573392886670405
275,Henry Colombi,2021,Texas Tech,2022,Marshall,0.3094475036607789,0.2288237994315326
276,Kyron Drones,2022,Baylor,2023,Virginia Tech,0.3473127471700377,0.2665271788340525
277,Casey Thompson,2022,Nebraska,2023,Florida Atlantic,0.3702172414013681,0.2886118655927283
278,Brandon Rose,2024,Utah,2025,Massachusetts,0.2821236437930296,0.1986679382150552
279,Darian Mensah,2024,Tulane,2025,Duke,0.4275251628095423,0.3438308920425411
280,Mabrey Mettauer,2024,Wisconsin,2025,Sam Houston,0.2831751800403344,0.1988102377147211
281,Davis Brin,2022,Tulsa,2023,Georgia Southern,0.3340140217760059,0.2494360183952293
282,Nick Evers,2022,Oklahoma,2024,UConn,0.2859037652610709,0.2006834745733548
283,AJ Swann,2024,LSU,2025,App State,0.2811957241854956,0.1952118352672128
284,Adrian Martinez,2021,Nebraska,2022,Kansas State,0.3764072603338313,0.289278349472683
285,Drew Pyne,2022,Notre Dame,2023,Arizona State,0.3137735409028468,0.2255009793081912
286,Zach Gibson,2021,Akron,2022,Georgia Tech,0.3175330896227931,0.2271492998756632
287,Emory Jones,2021,Florida,2022,Arizona State,0.3258865834234504,0.2346026921569211
288,Grant Wells,2021,Marshall,2022,Virginia Tech,0.3242626870201194,0.2313811227147462
289,Mike Wright,2022,Vanderbilt,2023,Mississippi State,0.3309187059573288,0.2359901512995549
290,Tanner Mordecai,2022,SMU,2023,Wisconsin,0.3370392940066025,0.2402087581218215
291,Chubba Purdy,2021,Florida State,2022,Nebraska,0.319757487909788,0.2190053494164554
292,Tyler Van Dyke,2023,Miami,2024,Wisconsin,0.3685078060695975,0.266308283713913
293,Cooper Legas,2023,Utah State,2024,Tulsa,0.3348874741799058,0.2318106774626207
294,Connor Bazelak,2021,Missouri,2022,Indiana,0.2941592014173045,0.1896206849877871
295,Miles Kendrick,2021,Kansas,2022,New Mexico,0.3000027380432269,0.1912729278488846
296,Malachi Singleton,2024,Arkansas,2025,Purdue,0.3538816055764691,0.2415582876005517
297,E.J. Warner,2023,Temple,2024,Rice,0.307579867611894,0.1889143195392315
298,Malachi Nelson,2024,Boise State,2025,UTEP,0.2942890487965907,0.1735522147443532
299,Levi Williams,2021,Wyoming,2022,Utah State,0.3529952179143105,0.2307309535268835
300,Braxton Burmeister,2021,Virginia Tech,2022,San Diego State,0.3267931520360114,0.201756084164951
301,Grayson Loftis,2024,Duke,2025,Charlotte,0.2830213338864883,0.1547422669463172
302,Jayden Denegal,2023,Michigan,2025,San Diego State,0.2950315148250403,0.1656686318353333
303,TJ Finley,2023,Texas State,2024,Western Kentucky,0.3705031030053555,0.2404967155056181
304,Jase Bauer,2023,Central Michigan,2024,Sam Houston,0.3273690518795168,0.1972944347212099
305,Dillon Gabriel,2023,Oklahoma,2024,Oregon,0.5108570957931687,0.3798033903759836
306,Shane Illingworth,2021,Oklahoma State,2022,Nevada,0.3008420498488003,0.1681614726186503
307,Giovanni Lopez,2024,South Alabama,2025,North Carolina,0.3589470141876144,0.2220849576246087
308,Andrew Peasley,2021,Utah State,2022,Wyoming,0.3523398317801545,0.2098268205949344
309,John Mateer,2024,Washington State,2025,Oklahoma,0.3842273966125464,0.2400156774462241
310,Jayden Maiava,2023,UNLV,2024,USC,0.3982148726276132,0.2477148436004664
311,Dequan Finn,2023,Toledo,2024,Baylor,0.3992165822411003,0.2485982759012314
312,Tate Rodemaker,2023,Florida State,2024,Southern Miss,0.3137201926456796,0.1621204926395853
313,D.J. Uiagalelei,2023,Oregon State,2024,Florida State,0.3825590510801407,0.2248174059674865
314,Deacon Hill,2022,Wisconsin,2023,Iowa,0.2870250887904827,0.1258984443179597
315,Zeon Chriss,2023,Louisiana,2024,Houston,0.3729751005133155,0.2016135131703194
316,Billy Wiles,2023,Southern Miss,2024,App State,0.2442339271611483,
317,Holman Edwards,2021,Houston,2023,Southern Miss,,0.247039811956267
318,Malachi Nelson,2023,USC,2024,Boise State,,0.2942890487965907
