rank,name,season_previous,team_previous,season_transfer,team_transfer,adjPPA_previous,adjPPA_transfer,adjPPA_change
1,Anthony Colandrea,2024,Virginia,2025,UNLV,0.1597532551134612,0.3660195359889029,0.20626628087544172
2,Michael Penix Jr.,2021,Indiana,2022,Washington,0.1933426550471105,0.392884089906743,0.1995414348596325
3,Jordan McCloud,2021,Arizona,2023,James Madison,0.2566928843950588,0.4310755153595197,0.17438263096446094
4,Cameron Ward,2023,Washington State,2024,Miami,0.2847220186933001,0.445766826449178,0.16104480775587787
5,Katin Houser,2023,Michigan State,2024,East Carolina,0.2060589410099037,0.3609202724971858,0.15486133148728207
6,John Paddock,2022,Ball State,2023,Illinois,0.2024665214774086,0.3502124979689266,0.14774597649151802
7,E.J. Warner,2024,Rice,2025,Fresno State,0.1889143195392315,0.3344553313157189,0.14554101177648743
8,Haynes King,2022,Texas A&M,2023,Georgia Tech,0.2485625240227037,0.3906921736463568,0.14212964962365307
9,JT Daniels,2022,West Virginia,2023,Rice,0.2713271357274376,0.410233198130145,0.13890606240270742
10,Fernando Mendoza,2024,California,2025,Indiana,0.3255387522994586,0.4593011137175828,0.1337623614181242
11,D.J. Uiagalelei,2022,Clemson,2023,Oregon State,0.2516771518650531,0.3825590510801407,0.13088189921508764
12,Carter Bradley,2021,Toledo,2022,South Alabama,0.22083290233091,0.3351445054618569,0.11431160313094693
13,Will Howard,2023,Kansas State,2024,Ohio State,0.3312806016326401,0.4412402837354573,0.1099596821028172
14,Ethan Crawford,2024,Southern Miss,2025,Arkansas State,0.1817744300640729,0.2868670005551885,0.10509257049111559
15,Timmy McClain,2021,South Florida,2023,UCF,0.2434572243446851,0.3396573401723575,0.09620011582767238
16,Spencer Petras,2022,Iowa,2024,Utah State,0.191902510957185,0.2855563988848991,0.09365388792771409
17,Max Brown,2024,Charlotte,2025,West Virginia,0.1947073656196758,0.285002964571983,0.09029559895230718
18,Dexter Williams II,2022,Indiana,2024,Georgia Southern,0.2237903270802616,0.313121621064345,0.0893312939840834
19,Jeff Sims,2022,Georgia Tech,2023,Nebraska,0.1818544561599472,0.2711188186108275,0.08926436245088029
20,TJ Finley,2022,Auburn,2023,Texas State,0.2825187660267398,0.3705031030053555,0.08798433697861568
21,Tyler Shough,2023,Texas Tech,2024,Louisville,0.2643972332964972,0.3503614180850307,0.08596418478853346
22,Connor Bazelak,2022,Indiana,2023,Bowling Green,0.1896206849877871,0.2748691136615314,0.08524842867374427
23,Bryson Barnes,2023,Utah,2024,Utah State,0.2397054832500192,0.31994632015141,0.0802408369013908
24,Ashton Daniels,2024,Stanford,2025,Auburn,0.1915746546651549,0.2705174646227931,0.0789428099576382
25,Luke Kromenhoek,2024,Florida State,2025,Mississippi State,0.2061131018140369,0.2847424449687892,0.07862934315475231
26,Brennan Armstrong,2022,Virginia,2023,NC State,0.1975430984841204,0.275056202304623,0.07751310382050261
27,Mitch Griffis,2023,Wake Forest,2025,Texas Tech,0.2466605317325372,0.324049143326122,0.07738861159358479
28,Kurtis Rourke,2023,Ohio,2024,Indiana,0.337608969937817,0.4133189058978164,0.07570993595999936
29,Treyson Bourguet,2023,Western Michigan,2025,BYU,0.2201827330470577,0.2908825698942018,0.07069983684714409
30,Todd Centeio,2021,Colorado State,2022,James Madison,0.3312839791460675,0.4017903502359552,0.07050637108988772
31,Anthony Garcia,2024,Arizona,2025,Utah State,0.2841684711434239,0.3520086102164979,0.06784013907307396
32,Joey Aguilar,2024,App State,2025,Tennessee,0.298515495506327,0.3653805205298256,0.06686502502349861
33,Bishop Davenport,2022,Utah State,2024,South Alabama,0.228774058239917,0.2951141253932586,0.06634006715334159
34,Jake Retzlaff,2024,BYU,2025,Tulane,0.2837959010344508,0.3467144244330951,0.06291852339864429
35,Alex Padilla,2022,Iowa,2023,SMU,0.2323390160467642,0.2918770652914075,0.05953804924464329
36,Will Rogers,2023,Mississippi State,2024,Washington,0.2637195942688182,0.3231705597169368,0.05945096544811862
37,Jayden de Laura,2021,Washington State,2022,Arizona,0.3346946920613385,0.3930777206330797,0.05838302857174121
38,Ken Seals,2023,Vanderbilt,2024,TCU,0.2446170980270505,0.3006846998287108,0.056067601801660316
39,Ben Bryant,2021,Eastern Michigan,2022,Cincinnati,0.26817818001523,0.3216552197423952,0.053477039727165165
40,Braylon Braxton,2023,Tulsa,2024,Marshall,0.2308755609887642,0.2827459501686332,0.051870389179869
41,Sam Leavitt,2023,Michigan State,2024,Arizona State,0.2951974394422815,0.3441685134602668,0.04897107401798528
42,Emory Jones,2022,Arizona State,2023,Cincinnati,0.2346026921569211,0.2831518139054949,0.04854912174857379
43,Brendan Sullivan,2023,Northwestern,2024,Iowa,0.2430358012466319,0.2901929813379054,0.04715718009127348
44,J.J. Kohl,2023,Iowa State,2025,App State,0.2627841116354559,0.309911765919944,0.04712765428448812
45,Spencer Sanders,2022,Oklahoma State,2023,Ole Miss,0.2582517750013557,0.3050349166161654,0.046783141614809676
46,Brady McBride,2021,Texas State,2022,App State,0.2465293103676155,0.2931666332764047,0.04663732290878919
47,Jacob Conover,2023,Arizona State,2024,Utah State,0.2241676957174962,0.2707763458669471,0.0466086501494509
48,JT Shrout,2022,Colorado,2023,Arkansas State,0.2120994381894324,0.2580025358492655,0.045903097659833136
49,RJ Martinez,2023,Baylor,2024,Texas State,0.2469490743322527,0.2925994138367043,0.045650339504451604
50,Zach Gibson,2022,Georgia Tech,2024,Georgia State,0.2271492998756632,0.2725287778639553,0.04537947798829209
